{"cameraMode":{"drawMode":0,"name":"Shaded","section":"Shading Mode"},"sceneLighting":false,"audioPlay":false,"sceneViewState":{"m_AlwaysRefresh":false,"showFog":true,"showSkybox":false,"showFlares":true,"showImageEffects":true,"showParticleSystems":true,"showVisualEffectGraphs":true,"m_FxEnabled":true},"in2DMode":false,"pivot":{"x":1.4901161193847657e-7,"y":0.5221816897392273,"z":-5.960464477539063e-8},"rotation":{"x":0.011823727749288082,"y":0.9869518280029297,"z":-0.08608211576938629,"w":0.13556179404258729},"size":0.61921226978302,"orthographic":false}