{"cameraMode":{"drawMode":0,"name":"Shaded","section":"Shading Mode"},"sceneLighting":true,"audioPlay":false,"sceneViewState":{"m_AlwaysRefresh":false,"showFog":true,"showSkybox":true,"showFlares":true,"showImageEffects":true,"showParticleSystems":true,"showVisualEffectGraphs":true,"m_FxEnabled":true},"in2DMode":false,"pivot":{"x":4.76837158203125e-7,"y":0.48946714401245119,"z":-0.3735630512237549},"rotation":{"x":0.036020614206790927,"y":0.9639818668365479,"z":-0.18589268624782563,"w":0.18679086863994599},"size":5.395293712615967,"orthographic":false}