{"cameraMode":{"drawMode":0,"name":"Shaded","section":"Shading Mode"},"sceneLighting":false,"audioPlay":false,"sceneViewState":{"m_AlwaysRefresh":false,"showFog":true,"showSkybox":false,"showFlares":true,"showImageEffects":true,"showParticleSystems":true,"showVisualEffectGraphs":true,"m_FxEnabled":true},"in2DMode":false,"pivot":{"x":-0.35946717858314516,"y":1.9100310802459717,"z":0.009795397520065308},"rotation":{"x":0.011823727749288082,"y":0.9869518280029297,"z":-0.08608211576938629,"w":0.13556179404258729},"size":2.3336105346679689,"orthographic":false}